new_id	chr1	pos1	chr2	pos2	ref	ori	type	size	genotype
truthset_1	1	87337011	10	36119127	T	++	BND	0	0/1
truthset_2	1	118516186	1	118516222	T	+-	DEL	36	0/1
truthset_3	1	207981231	1	208014822	G	+-	DEL	33591	0/1
truthset_4	1	224646603	1	224800120	A	-+	DUP	153517	0/1
truthset_5	1	224782795	1	224786034	C	+-	DEL	3239	0/1
truthset_6	3	24565108	3	24566182	T	--	INV	1074	0/1
truthset_7	3	25400602	12	72666892	G	+-	BND	0	0/1
truthset_8	3	25401059	10	60477224	G	+-	BND	0	0/1
truthset_9	3	26431918	6	26194041	T	--	BND	0	0/1
truthset_10	3	26663922	3	26664499	G	++	INV	577	0/1
truthset_11	3	60132754	3	60204543	T	+-	DEL	71789	0/1
truthset_12	3	60872124	3	61013215	C	+-	DEL	141091	0/1
truthset_13	3	186442175	3	186513634	T	+-	DEL	71459	0/1
truthset_14	4	66211957	4	66212037	T	-+	DUP	80	0/1
truthset_15	4	187996322	4	187996382	T	-+	DUP	60	0/1
truthset_16	5	28787996	5	28963096	T	+-	DEL	175100	0/1
truthset_17	5	178973288	5	178973321	C	+-	DEL	33	1/1
truthset_18	6	26194117	6	26194406	G	++	INV	289	0/1
truthset_19	6	138774059	15	23717166	T	--	BND	0	0/1
truthset_20	6	138774181	15	23712617	G	++	BND	0	0/1
truthset_21	7	52440354	7	52440387	T	+-	DEL	33	0/1
truthset_22	7	57471577	7	57496111	C	+-	DEL	24534	0/1
truthset_23	7	77981839	7	78082248	C	+-	DEL	100409	0/1
truthset_24	7	78190206	7	78257685	G	+-	DEL	67479	0/1
truthset_25	7	85844668	7	85853700	A	-+	DUP	9032	0/1
truthset_26	7	104485068	7	104612302	T	-+	DUP	127234	0/1
truthset_27	7	110393332	7	110394461	T	+-	DEL	1129	0/1
truthset_28	7	125746125	7	126166901	G	+-	DEL	420776	0/1
truthset_29	7	126098490	7	126167441	G	--	INV	68951	0/1
truthset_30	7	143959226	7	144088794	G	+-	DEL	129568	0/1
truthset_31	7	150746657	15	84810725	C	+-	BND	0	0/1
truthset_32	8	112062420	8	112063583	T	+-	DEL	1163	0/1
truthset_33	8	131248116	8	131274647	T	-+	DUP	26531	0/1
truthset_34	9	28031835	9	28059140	A	++	INV	27305	0/1
truthset_35	9	28031863	9	28034467	C	--	INV	2604	0/1
truthset_36	9	28034299	9	28157692	C	+-	DEL	123393	0/1
truthset_37	9	114293052	9	114293097	T	+-	DEL	45	0/1
truthset_38	10	7059512	19	17396810	T	-+	BND	0	0/1
truthset_39	10	7132874	19	17397644	A	+-	BND	0	0/1
truthset_40	10	7634373	18	9868617	A	--	BND	0	0/1
truthset_41	10	33386453	10	36119061	T	+-	DEL	2732608	0/1
truthset_42	10	55476347	10	55476896	C	+-	DEL	549	0/1
truthset_43	10	60477422	12	72667075	G	++	BND	0	0/1
truthset_44	10	83641806	10	83827666	T	+-	DEL	185860	0/1
truthset_45	10	89700299	10	89712341	A	+-	DEL	12042	1/1
truthset_46	11	80785600	11	81093780	T	+-	DEL	308180	0/1
truthset_47	12	92161147	12	92161182	C	+-	DEL	35	0/1
truthset_48	12	129771777	<INS>	.	N	+-	INS	255	0/1
truthset_49	14	73014649	14	73014746	T	+-	INS	96	0/1
truthset_50	14	104560088	14	104560143	G	+-	DEL	55	1/1
truthset_51	14	106333876	<INS>	.	A	+-	INS	100	0/1
truthset_52	15	23685608	20	37274468	C	--	BND	0	0/1
truthset_53	15	23706879	20	37274667	C	-+	BND	0	0/1
truthset_54	15	23831660	15	23992700	A	++	INV	161040	0/1
truthset_55	15	41621294	15	41628506	A	-+	DUP	7212	0/1
truthset_56	16	58624545	16	58663331	T	+-	DEL	38786	1/1
truthset_57	16	78928636	16	79095007	G	+-	DEL	166371	0/1
truthset_58	18	66379461	18	66382826	C	+-	DEL	3365	0/1
truthset_59	20	13160729	20	13164103	C	+-	DEL	3374	0/1
truthset_60	20	14962957	20	15013948	G	+-	DEL	50991	0/1
truthset_61	20	15000623	20	15013842	A	+-	DEL	13219	0/1
truthset_62	20	33219526	20	33219569	C	+-	DEL	49	0/1
truthset_63	22	33759249	22	33838399	A	+-	DEL	79150	0/1
truthset_64	X	31196943	X	31216211	A	+-	DEL	19268	0/1
truthset_65	X	31301203	X	32038750	T	+-	DEL	737547	0/1
truthset_66	X	32077855	X	32293097	G	+-	DEL	215242	0/1
truthset_67	X	32098532	X	32201251	A	+-	DEL	102719	0/1
truthset_68	X	34059778	X	34062705	C	+-	DEL	2927	1/1
